algo,feature_set,feature,importance,rank
decision_tree,reduced,credit_term_implied,0.07845929384665966,1
decision_tree,reduced,employment_years,0.0548746607217415,2
decision_tree,reduced,bureau_credit_income_ratio,0.04076108500452685,3
decision_tree,reduced,bureau_debt_income_ratio,0.037708092008936725,4
decision_tree,reduced,age_years,0.03328551098558925,5
decision_tree,reduced,bureau_active_loan_count,0.028450321649284963,6
decision_tree,reduced,dti,0.019575447933941226,7
decision_tree,reduced,employment_ratio,0.009548665102205629,8
decision_tree,reduced,bureau_loan_count,0.008203284583919652,9
decision_tree,reduced,credit_income_ratio,0.008011522791616262,10
decision_tree,reduced,children_ratio,0.0025420909396887278,11
decision_tree,reduced,bureau_overdue_loan_count,0.0,12
decision_tree,reduced,bureau_overdue_loan_share,0.0,13
decision_tree,reduced,bureau_has_overdue,0.0,14
decision_tree,reduced,bureau_overdue_income_ratio,0.0,15
decision_tree,reduced,bureau_no_record,0.0,16
decision_tree,full,EXT_SOURCE_3,0.0944365546428412,1
decision_tree,full,EXT_SOURCE_2,0.09317416386879791,2
decision_tree,full,credit_goods_markup,0.036634672320155326,3
decision_tree,full,EXT_SOURCE_1,0.03560318417534541,4
decision_tree,full,DAYS_EMPLOYED,0.025363518009742323,5
decision_tree,full,credit_term_implied,0.015435656181789534,6
decision_tree,full,NAME_EDUCATION_TYPE,0.01419469531362327,7
decision_tree,full,DAYS_BIRTH,0.01348693229143708,8
decision_tree,full,CODE_GENDER,0.011182890870149653,9
decision_tree,full,dti,0.009048050452471956,10
decision_tree,full,AMT_ANNUITY,0.008627768356631687,11
decision_tree,full,DAYS_ID_PUBLISH,0.006981137974392027,12
decision_tree,full,BUREAU_TOTAL_CREDIT,0.006545188402882893,13
decision_tree,full,BUREAU_HISTORY_YEARS,0.006337893966540646,14
decision_tree,full,bureau_debt_income_ratio,0.006058574696796516,15
decision_tree,full,AMT_CREDIT,0.005978073111035412,16
decision_tree,full,OCCUPATION_TYPE,0.005595969386490514,17
decision_tree,full,DAYS_LAST_PHONE_CHANGE,0.00513979709137394,18
decision_tree,full,bureau_credit_income_ratio,0.004856052752635106,19
decision_tree,full,DAYS_REGISTRATION,0.0041419647470610655,20
decision_tree,full,BUREAU_TOTAL_DEBT,0.003506331433142627,21
decision_tree,full,REGION_POPULATION_RELATIVE,0.0033430009558276788,22
decision_tree,full,FLAG_OWN_CAR,0.003146546189319946,23
decision_tree,full,AMT_REQ_CREDIT_BUREAU_YEAR,0.002962941722698614,24
decision_tree,full,credit_income_ratio,0.002894630179797257,25
decision_tree,full,income_per_capita_ratio,0.0027779898796888667,26
decision_tree,full,NAME_INCOME_TYPE,0.002482132252205911,27
decision_tree,full,HOUR_APPR_PROCESS_START,0.0023293551076507043,28
decision_tree,full,WEEKDAY_APPR_PROCESS_START,0.0022941461291149158,29
decision_tree,full,FLAG_DOCUMENT_3,0.002272746227723583,30
decision_tree,full,YEARS_BEGINEXPLUATATION_AVG,0.0021360176507565706,31
decision_tree,full,ORGANIZATION_TYPE,0.0020593624222777743,32
decision_tree,full,BUREAU_ACTIVE_LOAN_COUNT,0.0018331074176292127,33
decision_tree,full,AMT_INCOME_TOTAL,0.001801725451617383,34
decision_tree,full,NONLIVINGAREA_AVG,0.0016118584764733465,35
decision_tree,full,BUREAU_LOAN_COUNT,0.001491361447685791,36
decision_tree,full,ENTRANCES_AVG,0.0012627377971347693,37
decision_tree,full,WALLSMATERIAL_MODE,0.0010722505479632816,38
decision_tree,full,OBS_30_CNT_SOCIAL_CIRCLE,0.0010311347472527687,39
decision_tree,full,FLOORSMAX_AVG,0.0009712454710836319,40
decision_tree,full,LIVINGAREA_AVG,0.000866024503562903,41
decision_tree,full,AMT_REQ_CREDIT_BUREAU_QRT,0.0007896382584937994,42
decision_tree,full,APARTMENTS_AVG,0.0007775828488660228,43
decision_tree,full,LANDAREA_AVG,0.0007322945354558184,44
decision_tree,full,NAME_FAMILY_STATUS,0.0007093953779289736,45
decision_tree,full,FLAG_WORK_PHONE,0.0006682444491909861,46
decision_tree,full,EMERGENCYSTATE_MODE,0.0006573312131215044,47
decision_tree,full,DEF_60_CNT_SOCIAL_CIRCLE,0.0005563761700002889,48
decision_tree,full,FLAG_OWN_REALTY,0.0005525554551026975,49
decision_tree,full,CNT_FAM_MEMBERS,0.0005420279950470679,50
decision_tree,full,BASEMENTAREA_AVG,0.00044601144429249294,51
decision_tree,full,NAME_TYPE_SUITE,0.0004409779717075793,52
decision_tree,full,FLAG_DOCUMENT_8,0.00040736088571416727,53
decision_tree,full,FLAG_PHONE,0.00037143360852412395,54
decision_tree,full,REGION_RATING_CLIENT,0.0003081110342718837,55
decision_tree,full,CNT_CHILDREN,0.0003058922679100137,56
decision_tree,full,REG_CITY_NOT_WORK_CITY,0.000282337374631426,57
decision_tree,full,TOTALAREA_MODE,0.00026987190440111116,58
decision_tree,full,LIVE_CITY_NOT_WORK_CITY,0.00024290259460196096,59
decision_tree,full,FLAG_EMP_PHONE,0.0,60
decision_tree,full,REG_CITY_NOT_LIVE_CITY,0.0,61
decision_tree,full,LIVE_REGION_NOT_WORK_REGION,0.0,62
decision_tree,full,REG_REGION_NOT_WORK_REGION,0.0,63
decision_tree,full,REG_REGION_NOT_LIVE_REGION,0.0,64
decision_tree,full,FLAG_EMAIL,0.0,65
decision_tree,full,FLAG_DOCUMENT_5,0.0,66
decision_tree,full,FLAG_DOCUMENT_6,0.0,67
decision_tree,full,ELEVATORS_AVG,0.0,68
decision_tree,full,BUREAU_OVERDUE_LOAN_COUNT,0.0,69
decision_tree,full,BUREAU_TOTAL_OVERDUE,0.0,70
decision_tree,full,AMT_REQ_CREDIT_BUREAU_MON,0.0,71
decision_tree,full,AMT_REQ_CREDIT_BUREAU_WEEK,0.0,72
decision_tree,full,DEF_30_CNT_SOCIAL_CIRCLE,0.0,73
decision_tree,full,BUREAU_MAX_DAYS_OVERDUE,0.0,74
decision_tree,full,BUREAU_NO_RECORD,0.0,75
decision_tree,full,bureau_overdue_income_ratio,0.0,76
decision_tree,full,NAME_CONTRACT_TYPE,0.0,77
decision_tree,full,bureau_overdue_loan_count,0.0,78
decision_tree,full,bureau_overdue_loan_share,0.0,79
decision_tree,full,NAME_HOUSING_TYPE,0.0,80
decision_tree,full,HOUSETYPE_MODE,0.0,81
decision_tree,full,OCCUPATION_TYPE_MISSING,0.0,82
decision_tree,full,EXT_SOURCE_3_MISSING,0.0,83
decision_tree,full,EXT_SOURCE_1_MISSING,0.0,84
random_forest,reduced,credit_term_implied,0.039662961959237214,1
random_forest,reduced,age_years,0.033620544062952354,2
random_forest,reduced,employment_years,0.033532222216948085,3
random_forest,reduced,bureau_debt_income_ratio,0.029391257386391458,4
random_forest,reduced,bureau_credit_income_ratio,0.02377501707059581,5
random_forest,reduced,bureau_active_loan_count,0.023352865005870974,6
random_forest,reduced,employment_ratio,0.0216891099052272,7
random_forest,reduced,dti,0.014232552143781167,8
random_forest,reduced,bureau_loan_count,0.009078155339912308,9
random_forest,reduced,credit_income_ratio,0.007029412162753436,10
random_forest,reduced,bureau_no_record,0.004117607128934681,11
random_forest,reduced,children_ratio,0.0009081371064133174,12
random_forest,reduced,bureau_overdue_income_ratio,0.0004333816484208211,13
random_forest,reduced,bureau_overdue_loan_share,0.0003465070440393431,14
random_forest,reduced,bureau_has_overdue,8.455889176725036e-05,15
random_forest,reduced,bureau_overdue_loan_count,8.060686540411344e-05,16
random_forest,full,EXT_SOURCE_2,0.051352726611377617,1
random_forest,full,EXT_SOURCE_3,0.048988954272853415,2
random_forest,full,DAYS_EMPLOYED,0.027598064713299977,3
random_forest,full,credit_goods_markup,0.022886351472558044,4
random_forest,full,EXT_SOURCE_1,0.0214513401810967,5
random_forest,full,credit_term_implied,0.015080966255184083,6
random_forest,full,DAYS_BIRTH,0.01318652807298559,7
random_forest,full,NAME_EDUCATION_TYPE,0.01236237644948466,8
random_forest,full,BUREAU_HISTORY_YEARS,0.01152027176507774,9
random_forest,full,CODE_GENDER,0.010200791016469726,10
random_forest,full,NAME_INCOME_TYPE,0.00656026355667106,11
random_forest,full,bureau_debt_income_ratio,0.006543323032448099,12
random_forest,full,BUREAU_TOTAL_DEBT,0.0063239192806721686,13
random_forest,full,BUREAU_ACTIVE_LOAN_COUNT,0.006185834965869537,14
random_forest,full,DAYS_LAST_PHONE_CHANGE,0.006009565613712062,15
random_forest,full,DAYS_ID_PUBLISH,0.005119704333178132,16
random_forest,full,OCCUPATION_TYPE,0.0050155148658598565,17
random_forest,full,FLAG_DOCUMENT_3,0.004856288834850727,18
random_forest,full,AMT_CREDIT,0.004548451488113085,19
random_forest,full,bureau_credit_income_ratio,0.004234016468151121,20
random_forest,full,BUREAU_TOTAL_CREDIT,0.004208527534032549,21
random_forest,full,LIVINGAREA_AVG,0.003459649208791967,22
random_forest,full,dti,0.0034592150795294714,23
random_forest,full,REGION_RATING_CLIENT,0.003394896089430798,24
random_forest,full,AMT_ANNUITY,0.003338397203753673,25
random_forest,full,REGION_POPULATION_RELATIVE,0.0029589550913495855,26
random_forest,full,credit_income_ratio,0.002338408077738362,27
random_forest,full,FLAG_OWN_CAR,0.002158887911005231,28
random_forest,full,DAYS_REGISTRATION,0.002147778990013425,29
random_forest,full,ORGANIZATION_TYPE,0.0020566132949626486,30
random_forest,full,BUREAU_LOAN_COUNT,0.001973431830998593,31
random_forest,full,NAME_CONTRACT_TYPE,0.001765350695688883,32
random_forest,full,EXT_SOURCE_1_MISSING,0.0016455348525504917,33
random_forest,full,YEARS_BEGINEXPLUATATION_AVG,0.0015662267516377416,34
random_forest,full,REG_CITY_NOT_WORK_CITY,0.0014830557030593885,35
random_forest,full,EMERGENCYSTATE_MODE,0.0014652983018290258,36
random_forest,full,FLOORSMAX_AVG,0.001429562821724904,37
random_forest,full,BUREAU_NO_RECORD,0.0012963926765538233,38
random_forest,full,TOTALAREA_MODE,0.0011716412222246796,39
random_forest,full,OCCUPATION_TYPE_MISSING,0.0011452886326225923,40
random_forest,full,HOUR_APPR_PROCESS_START,0.0011188902630836948,41
random_forest,full,AMT_INCOME_TOTAL,0.0010474060765459474,42
random_forest,full,ELEVATORS_AVG,0.0010183984610204336,43
random_forest,full,FLAG_EMP_PHONE,0.0009920500485059761,44
random_forest,full,EXT_SOURCE_3_MISSING,0.0009577188262001319,45
random_forest,full,APARTMENTS_AVG,0.0008874952710687569,46
random_forest,full,REG_CITY_NOT_LIVE_CITY,0.000841167968296171,47
random_forest,full,AMT_REQ_CREDIT_BUREAU_YEAR,0.0007976109846483333,48
random_forest,full,DEF_60_CNT_SOCIAL_CIRCLE,0.0007122744635782885,49
random_forest,full,BASEMENTAREA_AVG,0.0006440762445865624,50
random_forest,full,DEF_30_CNT_SOCIAL_CIRCLE,0.000642882378516422,51
random_forest,full,income_per_capita_ratio,0.000566065439016401,52
random_forest,full,FLAG_PHONE,0.0005457983503844061,53
random_forest,full,ENTRANCES_AVG,0.0004953489128102566,54
random_forest,full,WEEKDAY_APPR_PROCESS_START,0.0004843168289387237,55
random_forest,full,WALLSMATERIAL_MODE,0.0004569936340423819,56
random_forest,full,HOUSETYPE_MODE,0.00045539789421680403,57
random_forest,full,NAME_FAMILY_STATUS,0.0004352751397786634,58
random_forest,full,OBS_30_CNT_SOCIAL_CIRCLE,0.0004342875401512184,59
random_forest,full,FLAG_WORK_PHONE,0.0004228357167497304,60
random_forest,full,NONLIVINGAREA_AVG,0.00038069347765538853,61
random_forest,full,AMT_REQ_CREDIT_BUREAU_QRT,0.0003455443687093522,62
random_forest,full,LANDAREA_AVG,0.0003285066783022488,63
random_forest,full,CNT_FAM_MEMBERS,0.00031129602043427306,64
random_forest,full,CNT_CHILDREN,0.00019532186281122918,65
random_forest,full,NAME_HOUSING_TYPE,0.00017929259476656266,66
random_forest,full,LIVE_CITY_NOT_WORK_CITY,0.00017791809689298598,67
random_forest,full,FLAG_DOCUMENT_6,0.00017672754004856913,68
random_forest,full,FLAG_OWN_REALTY,0.0001226835429953751,69
random_forest,full,FLAG_DOCUMENT_8,0.00010245901197637321,70
random_forest,full,NAME_TYPE_SUITE,9.210814499790263e-05,71
random_forest,full,AMT_REQ_CREDIT_BUREAU_MON,3.7829733394157646e-05,72
random_forest,full,BUREAU_OVERDUE_LOAN_COUNT,2.5439565682438874e-05,73
random_forest,full,LIVE_REGION_NOT_WORK_REGION,1.630123479312465e-05,74
random_forest,full,FLAG_EMAIL,0.0,75
random_forest,full,REG_REGION_NOT_WORK_REGION,0.0,76
random_forest,full,REG_REGION_NOT_LIVE_REGION,0.0,77
random_forest,full,BUREAU_TOTAL_OVERDUE,0.0,78
random_forest,full,FLAG_DOCUMENT_5,0.0,79
random_forest,full,AMT_REQ_CREDIT_BUREAU_WEEK,0.0,80
random_forest,full,bureau_overdue_loan_share,0.0,81
random_forest,full,bureau_overdue_loan_count,0.0,82
random_forest,full,bureau_overdue_income_ratio,0.0,83
random_forest,full,BUREAU_MAX_DAYS_OVERDUE,0.0,84
xgboost,reduced,credit_term_implied,0.390919029712677,1
xgboost,reduced,bureau_credit_income_ratio,0.25470057129859924,2
xgboost,reduced,bureau_debt_income_ratio,0.19881084561347961,3
xgboost,reduced,bureau_active_loan_count,0.1519109457731247,4
xgboost,reduced,age_years,0.14646457135677338,5
xgboost,reduced,employment_years,0.12317269295454025,6
xgboost,reduced,employment_ratio,0.0879216343164444,7
xgboost,reduced,dti,0.08550277352333069,8
xgboost,reduced,credit_income_ratio,0.0555986650288105,9
xgboost,reduced,bureau_loan_count,0.041260864585638046,10
xgboost,reduced,children_ratio,0.02222725749015808,11
xgboost,reduced,bureau_overdue_income_ratio,0.005575379356741905,12
xgboost,reduced,bureau_overdue_loan_share,0.0040922462940216064,13
xgboost,reduced,bureau_no_record,0.003270323621109128,14
xgboost,reduced,bureau_overdue_loan_count,0.0015718855429440737,15
xgboost,reduced,bureau_has_overdue,1.100391000363743e-05,16
xgboost,full,EXT_SOURCE_2,0.35076916217803955,1
xgboost,full,EXT_SOURCE_3,0.342715322971344,2
xgboost,full,credit_term_implied,0.18925541639328003,3
xgboost,full,EXT_SOURCE_1,0.15112408995628357,4
xgboost,full,credit_goods_markup,0.14074015617370605,5
xgboost,full,DAYS_EMPLOYED,0.11678943783044815,6
xgboost,full,CODE_GENDER,0.11534164845943451,7
xgboost,full,BUREAU_TOTAL_CREDIT,0.0972629114985466,8
xgboost,full,NAME_EDUCATION_TYPE,0.08947132527828217,9
xgboost,full,DAYS_BIRTH,0.08511122316122055,10
xgboost,full,FLAG_OWN_CAR,0.08229245245456696,11
xgboost,full,AMT_ANNUITY,0.07717086374759674,12
xgboost,full,bureau_debt_income_ratio,0.0723751038312912,13
xgboost,full,DAYS_ID_PUBLISH,0.06557432562112808,14
xgboost,full,BUREAU_ACTIVE_LOAN_COUNT,0.05447475612163544,15
xgboost,full,dti,0.05103573575615883,16
xgboost,full,BUREAU_TOTAL_DEBT,0.048465948551893234,17
xgboost,full,DAYS_LAST_PHONE_CHANGE,0.04776633903384209,18
xgboost,full,NAME_FAMILY_STATUS,0.046342555433511734,19
xgboost,full,bureau_credit_income_ratio,0.04556075111031532,20
xgboost,full,AMT_CREDIT,0.04461079463362694,21
xgboost,full,ORGANIZATION_TYPE,0.04430432245135307,22
xgboost,full,FLAG_DOCUMENT_3,0.042345307767391205,23
xgboost,full,REGION_POPULATION_RELATIVE,0.039927877485752106,24
xgboost,full,OCCUPATION_TYPE,0.037957578897476196,25
xgboost,full,FLAG_WORK_PHONE,0.03681252896785736,26
xgboost,full,BUREAU_HISTORY_YEARS,0.03359010070562363,27
xgboost,full,AMT_REQ_CREDIT_BUREAU_QRT,0.03309826925396919,28
xgboost,full,EXT_SOURCE_1_MISSING,0.032900698482990265,29
xgboost,full,REGION_RATING_CLIENT,0.030506402254104614,30
xgboost,full,income_per_capita_ratio,0.030369512736797333,31
xgboost,full,DAYS_REGISTRATION,0.02776178903877735,32
xgboost,full,HOUR_APPR_PROCESS_START,0.024994906038045883,33
xgboost,full,AMT_REQ_CREDIT_BUREAU_YEAR,0.02461286075413227,34
xgboost,full,WEEKDAY_APPR_PROCESS_START,0.022851336747407913,35
xgboost,full,APARTMENTS_AVG,0.0226153377443552,36
xgboost,full,NAME_CONTRACT_TYPE,0.02252383343875408,37
xgboost,full,YEARS_BEGINEXPLUATATION_AVG,0.02179141528904438,38
xgboost,full,credit_income_ratio,0.02173069305717945,39
xgboost,full,DEF_60_CNT_SOCIAL_CIRCLE,0.02116655744612217,40
xgboost,full,BASEMENTAREA_AVG,0.02057015150785446,41
xgboost,full,BUREAU_LOAN_COUNT,0.020403126254677773,42
xgboost,full,REG_CITY_NOT_LIVE_CITY,0.017430519685149193,43
xgboost,full,FLOORSMAX_AVG,0.017385870218276978,44
xgboost,full,AMT_INCOME_TOTAL,0.01689925603568554,45
xgboost,full,NAME_INCOME_TYPE,0.01578522101044655,46
xgboost,full,ENTRANCES_AVG,0.015465214848518372,47
xgboost,full,DEF_30_CNT_SOCIAL_CIRCLE,0.015122286975383759,48
xgboost,full,LANDAREA_AVG,0.012960641644895077,49
xgboost,full,WALLSMATERIAL_MODE,0.01274682767689228,50
xgboost,full,TOTALAREA_MODE,0.011938291601836681,51
xgboost,full,OBS_30_CNT_SOCIAL_CIRCLE,0.011231830343604088,52
xgboost,full,FLAG_PHONE,0.011004464700818062,53
xgboost,full,LIVINGAREA_AVG,0.010172166861593723,54
xgboost,full,NONLIVINGAREA_AVG,0.007752045523375273,55
xgboost,full,NAME_HOUSING_TYPE,0.007450850680470467,56
xgboost,full,ELEVATORS_AVG,0.007192135788500309,57
xgboost,full,CNT_FAM_MEMBERS,0.0060928016901016235,58
xgboost,full,NAME_TYPE_SUITE,0.0059508103877305984,59
xgboost,full,FLAG_OWN_REALTY,0.005890225060284138,60
xgboost,full,EXT_SOURCE_3_MISSING,0.0057179927825927734,61
xgboost,full,LIVE_CITY_NOT_WORK_CITY,0.005161329172551632,62
xgboost,full,FLAG_DOCUMENT_8,0.004838769789785147,63
xgboost,full,AMT_REQ_CREDIT_BUREAU_MON,0.0046474142000079155,64
xgboost,full,CNT_CHILDREN,0.004308566451072693,65
xgboost,full,AMT_REQ_CREDIT_BUREAU_WEEK,0.003614161629229784,66
xgboost,full,REG_REGION_NOT_LIVE_REGION,0.0025963387452065945,67
xgboost,full,EMERGENCYSTATE_MODE,0.002370752627030015,68
xgboost,full,REG_REGION_NOT_WORK_REGION,0.002361481776461005,69
xgboost,full,LIVE_REGION_NOT_WORK_REGION,0.0020102316047996283,70
xgboost,full,HOUSETYPE_MODE,0.001983203459531069,71
xgboost,full,BUREAU_TOTAL_OVERDUE,0.0018143055494874716,72
xgboost,full,REG_CITY_NOT_WORK_CITY,0.001463968656025827,73
xgboost,full,FLAG_EMAIL,0.0013995367335155606,74
xgboost,full,FLAG_DOCUMENT_5,0.001391101279295981,75
xgboost,full,FLAG_EMP_PHONE,0.0009311019675806165,76
xgboost,full,BUREAU_MAX_DAYS_OVERDUE,0.0008564660092815757,77
xgboost,full,FLAG_DOCUMENT_6,0.0007035295129753649,78
xgboost,full,bureau_overdue_loan_share,0.0005723948706872761,79
xgboost,full,bureau_overdue_loan_count,0.0004691096837632358,80
xgboost,full,bureau_overdue_income_ratio,0.0004665676096919924,81
xgboost,full,OCCUPATION_TYPE_MISSING,0.00016679870896041393,82
xgboost,full,BUREAU_OVERDUE_LOAN_COUNT,4.2103489249711856e-05,83
xgboost,full,BUREAU_NO_RECORD,0.0,84
