feature,bagging,decision_tree,random_forest,xgboost,mean
savings_amount,0.27102166004973227,0.2639266322414074,0.23689110232719968,0.18197759985923767,0.23845424861939427
average_monthly_expense,0.2402116848387554,0.24462991386967842,0.15684701019599778,0.11337906122207642,0.188766917531627
monthly_debt_payment,0.19688366560070267,0.198144167154183,0.1428999289815017,0.15763652324676514,0.17389107124578812
average_monthly_income,0.1941304709028163,0.20280923857955127,0.14041151354061074,0.1083827018737793,0.1614334812241894
has_savings,5.185800430457314e-05,0.0,0.04280720038561706,0.1299104243516922,0.04319237068540346
total_current_debt,0.024577718650568858,0.02295793625470211,0.07773405426999681,0.046472590416669846,0.042935574897984406
age,0.024430557885823788,0.022366250905854704,0.06256794476150375,0.023616589605808258,0.03324533578974763
household_size,0.011814793623840119,0.01031797907619467,0.0314895255693804,0.023696603253483772,0.019329725380724742
children_count,0.00964576982220968,0.007030812773546131,0.0251967957488014,0.023499086499214172,0.016343116210942844
has_debt,0.0012949071356577132,0.0015254784690483321,0.015288244012750566,0.03808272257447243,0.01404783804798226
has_asset_cash,0.00442038741201431,0.004819653464598472,0.010201996252147244,0.02519509755074978,0.011159283669877451
has_asset_vehicle,0.003939527151325035,0.004574527794959884,0.010323217358771212,0.022797904908657074,0.0104087943034283
has_asset_real_estate,0.003916438649219581,0.005014866863262964,0.010972075869613268,0.0210333913564682,0.010234193184641003
has_asset_gold,0.0035402431526870915,0.003473182329640062,0.009453265467983798,0.021757762879133224,0.009556113457361045
has_asset_insurance,0.0031919768355186976,0.0025444530992254966,0.009456993359563994,0.021210014820098877,0.009100859528601766
has_dependents,0.0035570889202816186,0.0031948567070376834,0.008619089717635446,0.020974868908524513,0.009086476063369816
has_asset_investment,0.0033712513645423638,0.0026700504171094162,0.008840042180925054,0.020376967266201973,0.008814577807194702
